C:\Users\axeln\Eye Got It\Database\EnglishForEveryone\texts\A_Happy_Visitor.Beginner,First column : Question Title,Answers,Right Answer
What is at the door of the house?,a man,a cat,a dog,a snake,3
What happens at the end of the story?,Anna keeps the dog.,Anna takes the dog to the hospital.,Anna�s mom feeds the dog.,Anna dries the dog with a towel.,1
Is the dog dry or wet?,The dog is dry.,The dog is wet.,2
"How does the wet dog look?

I. strong
II. cute
III. small",I only,I and II,II and III,"I, II, and III",3
What day of the week is it in the story?,Monday,Tuesday,Wednesday,Thursday,4
