C:\Users\axeln\Eye Got It\Database\EnglishForEveryone\texts\Bella_Hides.Beginner,First column : Question Title,Answers,Right Answer
"Why is Bella hiding?

I. She is looking for her puppy.
II. She is scared.
III. She is doesn�t want to go to the doctor.",I only,I and II,II and III,"I, II, and III",3
Who or what is hiding with Bella?,her mom,her sister,her puppy,her friend,3
Who is looking for Bella?,her mom,her puppy,the doctor,her sister,1
Where does Mom find Bella?,in the kitchen,in the closet,next to the bookcase,behind the sofa,4
How does Mom find Bella?,Bella makes a noise.,Dad helps Mom.,Mom sees Bella's leg.,The puppy makes a noise,4
When does Bella hide?,when she is bored,when she is scared,when she is happy,all the time,2
"What does Mom say will happen
when Bella sees the doctor?",Bella will get her ears checked.,Bella will get a shot.,Bella will get to bring her puppy.,Bella will get her eyes checked.,1
"How does Bella feel when Mom
says she will not get a shot?",angry,better,smart,tired,2
