C:\Users\axeln\Eye Got It\Database\EnglishForEveryone\texts\Fried.Advanced,First column : Question Title,Answers,Right Answer
"As used in paragraph 1, which is
the best synonym for futile?",arduous,enervating,preposterous,ineffective,4
"As used at in paragraph 1, what
does it mean to acquiesce?",to give in,to speak kindly,to pay attention,to answer the phone,1
""" I abhor the State Fair.""

Which of the following is the best
way to rewrite the above sentence
(from paragraph 4) while keeping its
original meaning as used in the story?",I really dislike the State Fair. ,I am bored by the State Fair.,I have no time for the State Fair. ,I am uncertain about the State Fair.,1
"According the passage, Valerie
regards the state fair with",ambivalence,condescension,jubilance,nonchalance,3
"Logically speaking, which of the
following might otherwise be
included in Bobbie�s description of
foods to be found at the state fair?

I. fried candy bars
II. candy apples
III. ripe red tomatoes",I only,I and III,II and III,"I, II, and III",1
"""And a fried donut hamburger with
bacon, cheese AND a greasy egg?""

Technically speaking, which of the
following grammatical errors are
committed in the above sentence
from paragraph 8?

I. There is no subject.
II. There is no predicate.
III. It is a sentence fragment.",I only,II only,II and III,"I, II, and III",3
"Why might the author have chosen
to capitalize all the letters in the
word ""AND"" when writing about the
donut hamburger in paragraph 8?","to make sure the reader
understood it was a list","to show that a greasy egg was
the last ingredient","to highlight that the sentence
was intentionally written incorrectly","to emphasize how many
ingredients were on the hamburger",4
"As used in paragraph 8, which is
the best antonym for deleterious?",amicable,beneficial,fortuitous,pathetic,2
"In paragraph 9, the word hang is used","as a hyperbole, meaning an
exaggeration","as a slang expression, meaning
informal language ","as an analogy, meaning a
comparison between two things ","as a denotation, meaning the
literal definition of a word ",2
"Near the end of the passage,
what does the author's use of the
word umpteenth suggest?","the fair has been around for a
long time ","this is the last time Bobbie will
agree to go to the fair ","Bobbie goes to the State Fair
with Val frequently","this is the first time Bobbie has
agreed to go with Val",3
