C:\Users\axeln\Eye Got It\Database\EnglishForEveryone\texts\The_Bus_Driver.Intermediate,First column : Question Title,Answers,Right Answer
Where does Dana drive the bus?,around Philadelphia,to the police station,to pick up guitar players,to pick up school children,1
What shift does Dana work?,third shift,evening shift,afternoon shift,second shift,1
How old is Dana?,15,23,38,39,3
How long is Dana's shift?,6 hours,8 hours,10 hours,12 hours,2
What is one reason Dana loves her job?,She finds sleeping babies.,She gets to call the police.,She gets to sleep during the day.,She gets to meet all kinds of people.,4
Why is the guitar player called Get Low?,He has a low voice,He likes to play sitting down.,He likes to play on his knees.,It is the name of his favorite song.,3
What does lug mean?,to throw,to push easily,to carry on one's head,"to carry something that is hard
to move around",4
"The main reason Get Low rides the
bus is because",he likes to see the city,he enjoys talking to Dana,he likes to play guitar there,he needs to get to a show,4
"How often does Get Low play guitar
on the bus?

I. when the bus is not crowded
II. when he doesn�t have a show
III. every Friday night",I only,I and II,II and III,"I, II, and III",1
Who gives Dana pretzels?,the guitar player,the young mom,the teenager,the woman who works at the factory,4
"Why might the young woman have
left her baby on the bus?",She forgot it there.,It was sleeping.,She meant to come right back.,She felt she could not take care of it.,4
Who steals money?,Get Low,the baby�s mother,a teenager,Dana,3
"Why does Dana seem to think
people do bad things?

I. They are down on their luck.
II. They are bad by nature.
III. They know Dana is vulnerable",I only,I and II,II and III,"I, II, and III",1
"As used at the end of the story,
which is the best synonym for occasionally?",seldom,one time,frequently,usually,1
What great view of the city does Dana have?,the view from a tall building,the view from a mountain top ,the view from the sidewalk,the view from her bus seat,4
